{"caseSensitive":true,"concept":[{"code":"mon","definition":"Monday","display":"Monday"},{"code":"tue","definition":"Tuesday","display":"Tuesday"},{"code":"wed","definition":"Wednesday","display":"Wednesday"},{"code":"thu","definition":"Thursday","display":"Thursday"},{"code":"fri","definition":"Friday","display":"Friday"},{"code":"sat","definition":"Saturday","display":"Saturday"},{"code":"sun","definition":"Sunday","display":"Sunday"}],"contact":[{"telecom":[{"system":"other","value":"http://hl7.org/fhir"},{"system":"email","value":"fhir@lists.hl7.org"}]}],"content":"complete","date":"2016-03-31T08:01:25+11:00","description":"The days of the week.","experimental":false,"extension":[{"url":"http://hl7.org/fhir/StructureDefinition/valueset-oid","valueUri":"urn:oid:2.16.840.1.113883.4.642.1.302"}],"id":"days-of-week","meta":{"lastUpdated":"2016-03-31T08:01:25.570+11:00"},"name":"DaysOfWeek","publisher":"HL7 (FHIR Project)","resourceType":"CodeSystem","status":"draft","text":{"div":"<div><h2>DaysOfWeek</h2><p>The days of the week.</p><p>This code system http://hl7.org/fhir/days-of-week defines the following codes:</p><table class=\"codes\"><tr><td><b>Code</b></td><td><b>Display</b></td><td><b>Definition</b></td></tr><tr><td>mon<a name=\"mon\"> </a></td><td>Monday</td><td>Monday</td></tr><tr><td>tue<a name=\"tue\"> </a></td><td>Tuesday</td><td>Tuesday</td></tr><tr><td>wed<a name=\"wed\"> </a></td><td>Wednesday</td><td>Wednesday</td></tr><tr><td>thu<a name=\"thu\"> </a></td><td>Thursday</td><td>Thursday</td></tr><tr><td>fri<a name=\"fri\"> </a></td><td>Friday</td><td>Friday</td></tr><tr><td>sat<a name=\"sat\"> </a></td><td>Saturday</td><td>Saturday</td></tr><tr><td>sun<a name=\"sun\"> </a></td><td>Sunday</td><td>Sunday</td></tr></table></div>","status":"generated"},"url":"http://hl7.org/fhir/days-of-week","valueSet":"http://hl7.org/fhir/ValueSet/days-of-week","version":"1.4.0"}